MM,DD,01,02,03,04,05,06,07,08,09,10,11,12,13,14,15,16,17,18,19,20,21,22,23,24
01,01,0.65,0.59,0.66,0.82,0.99,1.14,1.32,1.43,1.47,1.44,1.37,1.34,1.38,1.57,1.85,2.15,2.39,2.50,2.54,2.50,2.33,2.03,1.59,1.12
01,02,0.70,0.43,0.37,0.47,0.67,0.88,1.09,1.31,1.44,1.49,1.46,1.39,1.37,1.43,1.65,1.96,2.29,2.54,2.64,2.67,2.60,2.39,2.03,1.52
01,03,1.00,0.54,0.27,0.23,0.36,0.62,0.86,1.11,1.34,1.46,1.51,1.45,1.38,1.36,1.44,1.70,2.04,2.39,2.62,2.71,2.74,2.64,2.40,1.99
01,04,1.44,0.90,0.42,0.19,0.18,0.36,0.66,0.91,1.18,1.38,1.49,1.51,1.42,1.36,1.33,1.45,1.73,2.08,2.44,2.63,2.72,2.73,2.61,2.36
01,05,1.89,1.35,0.81,0.37,0.19,0.23,0.47,0.77,1.02,1.27,1.43,1.51,1.49,1.39,1.33,1.30,1.45,1.74,2.09,2.42,2.57,2.65,2.64,2.51
01,06,2.23,1.76,1.25,0.74,0.38,0.28,0.37,0.66,0.93,1.16,1.37,1.48,1.54,1.46,1.37,1.30,1.29,1.47,1.75,2.09,2.34,2.45,2.52,2.48
01,07,2.35,2.04,1.60,1.14,0.70,0.45,0.43,0.59,0.88,1.11,1.31,1.46,1.55,1.56,1.46,1.38,1.30,1.32,1.50,1.75,2.04,2.21,2.28,2.32
01,08,2.27,2.13,1.82,1.43,1.05,0.71,0.59,0.63,0.84,1.10,1.29,1.45,1.55,1.61,1.58,1.48,1.40,1.32,1.36,1.52,1.73,1.93,2.03,2.07
01,09,2.08,2.02,1.88,1.60,1.29,0.99,0.79,0.76,0.86,1.09,1.29,1.45,1.57,1.64,1.67,1.62,1.52,1.43,1.36,1.40,1.51,1.65,1.77,1.81
01,10,1.83,1.82,1.76,1.63,1.42,1.21,1.01,0.91,0.95,1.09,1.29,1.46,1.59,1.68,1.73,1.74,1.68,1.57,1.46,1.39,1.39,1.44,1.52,1.56
01,11,1.57,1.58,1.57,1.53,1.45,1.31,1.18,1.07,1.06,1.14,1.29,1.47,1.61,1.72,1.79,1.83,1.82,1.74,1.62,1.49,1.38,1.34,1.32,1.33
01,12,1.34,1.33,1.34,1.35,1.36,1.33,1.27,1.21,1.17,1.20,1.30,1.44,1.61,1.74,1.85,1.91,1.92,1.90,1.79,1.64,1.47,1.33,1.22,1.15
01,13,1.13,1.12,1.12,1.16,1.21,1.27,1.29,1.28,1.26,1.26,1.32,1.42,1.57,1.74,1.87,1.97,2.02,2.02,1.96,1.82,1.63,1.41,1.21,1.06
01,14,0.96,0.93,0.93,0.97,1.05,1.15,1.25,1.30,1.32,1.32,1.34,1.40,1.51,1.68,1.86,2.01,2.10,2.13,2.10,2.00,1.81,1.57,1.30,1.06
01,15,0.88,0.78,0.76,0.80,0.90,1.02,1.16,1.28,1.34,1.36,1.35,1.38,1.45,1.59,1.78,1.98,2.14,2.22,2.22,2.16,2.00,1.76,1.46,1.15
01,16,0.88,0.70,0.63,0.65,0.75,0.90,1.07,1.22,1.33,1.38,1.38,1.36,1.39,1.48,1.66,1.88,2.11,2.26,2.32,2.30,2.18,1.98,1.67,1.32
01,17,0.98,0.70,0.55,0.53,0.62,0.78,0.97,1.16,1.30,1.38,1.40,1.36,1.35,1.37,1.50,1.73,1.99,2.23,2.36,2.40,2.33,2.17,1.91,1.54
01,18,1.16,0.80,0.55,0.46,0.50,0.67,0.88,1.08,1.27,1.37,1.42,1.39,1.33,1.31,1.35,1.54,1.80,2.10,2.34,2.44,2.44,2.33,2.12,1.80
01,19,1.39,0.99,0.64,0.45,0.43,0.55,0.79,1.01,1.22,1.36,1.43,1.44,1.35,1.29,1.26,1.35,1.59,1.89,2.21,2.41,2.48,2.45,2.29,2.04
01,20,1.65,1.22,0.83,0.52,0.42,0.48,0.69,0.94,1.15,1.34,1.43,1.47,1.42,1.31,1.24,1.22,1.37,1.64,1.98,2.29,2.42,2.47,2.40,2.21
01,21,1.91,1.47,1.06,0.69,0.48,0.47,0.61,0.89,1.12,1.30,1.45,1.50,1.49,1.38,1.27,1.19,1.20,1.40,1.70,2.05,2.30,2.39,2.41,2.29
01,22,2.08,1.72,1.29,0.91,0.61,0.51,0.59,0.82,1.10,1.28,1.45,1.54,1.56,1.50,1.35,1.23,1.15,1.21,1.44,1.74,2.06,2.23,2.29,2.28
01,23,2.14,1.90,1.52,1.14,0.81,0.61,0.63,0.79,1.06,1.30,1.45,1.58,1.63,1.62,1.51,1.35,1.21,1.13,1.22,1.44,1.73,1.99,2.09,2.13
01,24,2.09,1.95,1.70,1.35,1.04,0.79,0.71,0.81,1.02,1.30,1.49,1.61,1.69,1.72,1.68,1.53,1.36,1.20,1.13,1.22,1.40,1.65,1.82,1.89
01,25,1.91,1.86,1.74,1.50,1.23,1.00,0.85,0.88,1.03,1.28,1.52,1.66,1.76,1.81,1.81,1.74,1.58,1.39,1.20,1.12,1.17,1.30,1.48,1.58
01,26,1.64,1.65,1.62,1.53,1.36,1.19,1.04,0.99,1.07,1.25,1.50,1.70,1.82,1.89,1.92,1.92,1.82,1.64,1.42,1.21,1.09,1.06,1.14,1.25
01,27,1.31,1.37,1.39,1.41,1.38,1.29,1.21,1.14,1.15,1.26,1.45,1.68,1.85,1.97,2.03,2.05,2.03,1.91,1.72,1.46,1.20,1.01,0.91,0.93
01,28,0.98,1.04,1.10,1.17,1.25,1.29,1.29,1.27,1.25,1.29,1.40,1.59,1.80,1.98,2.10,2.16,2.18,2.15,2.02,1.79,1.48,1.16,0.89,0.73
01,29,0.69,0.72,0.80,0.90,1.02,1.17,1.27,1.33,1.35,1.35,1.38,1.48,1.66,1.88,2.08,2.22,2.29,2.32,2.28,2.13,1.86,1.49,1.10,0.76
01,30,0.54,0.47,0.51,0.64,0.79,0.98,1.17,1.31,1.39,1.40,1.39,1.40,1.48,1.66,1.90,2.14,2.32,2.41,2.45,2.40,2.22,1.91,1.48,1.02
01,31,0.61,0.37,0.30,0.39,0.58,0.79,1.02,1.23,1.37,1.44,1.42,1.38,1.36,1.42,1.63,1.90,2.19,2.40,2.51,2.55,2.48,2.28,1.91,1.42
02,01,0.92,0.48,0.24,0.22,0.38,0.64,0.88,1.13,1.33,1.44,1.47,1.39,1.32,1.26,1.34,1.57,1.89,2.23,2.45,2.56,2.60,2.50,2.27,1.85
02,02,1.34,0.81,0.38,0.20,0.24,0.49,0.79,1.04,1.28,1.43,1.50,1.46,1.34,1.23,1.15,1.27,1.54,1.90,2.25,2.44,2.55,2.57,2.46,2.19
02,03,1.72,1.21,0.69,0.34,0.25,0.39,0.71,1.00,1.23,1.42,1.52,1.54,1.42,1.27,1.14,1.07,1.24,1.53,1.92,2.23,2.38,2.47,2.46,2.33
02,04,2.01,1.54,1.07,0.61,0.38,0.40,0.63,0.98,1.23,1.42,1.55,1.60,1.55,1.37,1.21,1.06,1.05,1.25,1.56,1.92,2.15,2.27,2.33,2.29
02,05,2.13,1.77,1.35,0.94,0.60,0.52,0.63,0.93,1.24,1.43,1.58,1.65,1.65,1.53,1.33,1.16,1.03,1.08,1.29,1.59,1.88,2.02,2.10,2.13
02,06,2.06,1.87,1.53,1.18,0.86,0.68,0.72,0.92,1.23,1.47,1.61,1.70,1.72,1.67,1.50,1.30,1.14,1.04,1.14,1.33,1.58,1.77,1.85,1.90
02,07,1.89,1.80,1.60,1.32,1.07,0.87,0.84,0.97,1.20,1.47,1.64,1.74,1.78,1.76,1.67,1.48,1.30,1.15,1.10,1.19,1.34,1.51,1.61,1.64
02,08,1.66,1.63,1.54,1.38,1.20,1.05,0.97,1.04,1.21,1.45,1.65,1.76,1.82,1.83,1.78,1.67,1.49,1.32,1.18,1.14,1.20,1.29,1.38,1.41
02,09,1.42,1.43,1.40,1.34,1.25,1.15,1.10,1.12,1.24,1.42,1.62,1.76,1.84,1.88,1.87,1.80,1.68,1.51,1.35,1.21,1.16,1.16,1.18,1.20
02,10,1.20,1.20,1.22,1.22,1.22,1.20,1.19,1.20,1.27,1.41,1.56,1.72,1.83,1.90,1.93,1.90,1.83,1.71,1.55,1.37,1.22,1.13,1.07,1.03
02,11,1.01,1.00,1.03,1.07,1.12,1.18,1.22,1.26,1.31,1.39,1.51,1.64,1.77,1.88,1.95,1.98,1.95,1.88,1.75,1.57,1.38,1.19,1.04,0.93
02,12,0.86,0.84,0.85,0.92,1.01,1.12,1.22,1.28,1.34,1.38,1.45,1.55,1.67,1.80,1.92,2.01,2.04,2.02,1.94,1.79,1.58,1.34,1.11,0.92
02,13,0.77,0.70,0.70,0.77,0.90,1.03,1.17,1.28,1.35,1.39,1.41,1.46,1.54,1.67,1.83,1.98,2.09,2.13,2.09,1.98,1.80,1.55,1.26,0.99
02,14,0.76,0.62,0.58,0.64,0.78,0.96,1.12,1.26,1.36,1.40,1.40,1.39,1.41,1.50,1.67,1.87,2.06,2.18,2.21,2.16,2.02,1.79,1.48,1.15
02,15,0.84,0.61,0.51,0.53,0.67,0.87,1.08,1.25,1.36,1.42,1.41,1.36,1.32,1.33,1.47,1.68,1.94,2.16,2.28,2.29,2.20,2.02,1.73,1.37
02,16,1.00,0.68,0.49,0.45,0.57,0.80,1.03,1.23,1.37,1.45,1.45,1.37,1.28,1.21,1.26,1.45,1.72,2.04,2.26,2.35,2.34,2.21,1.99,1.63
02,17,1.22,0.84,0.54,0.44,0.49,0.71,0.99,1.21,1.39,1.48,1.51,1.44,1.29,1.17,1.09,1.20,1.45,1.80,2.13,2.31,2.39,2.35,2.18,1.90
02,18,1.48,1.06,0.69,0.47,0.48,0.64,0.95,1.20,1.40,1.54,1.58,1.54,1.38,1.19,1.03,0.99,1.17,1.48,1.87,2.18,2.32,2.38,2.29,2.10
02,19,1.74,1.30,0.91,0.59,0.51,0.62,0.89,1.22,1.43,1.59,1.66,1.65,1.53,1.29,1.08,0.91,0.93,1.17,1.52,1.92,2.14,2.26,2.29,2.18
02,20,1.94,1.54,1.14,0.79,0.59,0.65,0.86,1.20,1.48,1.63,1.75,1.77,1.69,1.49,1.21,0.98,0.83,0.92,1.18,1.54,1.88,2.04,2.13,2.13
02,21,2.00,1.73,1.34,1.01,0.76,0.71,0.88,1.17,1.51,1.71,1.82,1.88,1.84,1.71,1.44,1.16,0.91,0.80,0.93,1.18,1.51,1.75,1.86,1.94
02,22,1.92,1.78,1.51,1.20,0.97,0.83,0.92,1.15,1.48,1.76,1.88,1.96,1.97,1.89,1.71,1.42,1.14,0.89,0.81,0.93,1.14,1.40,1.55,1.64
02,23,1.70,1.67,1.55,1.34,1.14,1.00,0.99,1.16,1.42,1.73,1.93,2.01,2.05,2.02,1.93,1.72,1.44,1.15,0.91,0.84,0.90,1.06,1.22,1.31
02,24,1.39,1.43,1.44,1.37,1.25,1.16,1.11,1.19,1.39,1.64,1.89,2.03,2.09,2.10,2.06,1.96,1.76,1.50,1.21,0.96,0.85,0.84,0.92,1.00
02,25,1.07,1.14,1.20,1.26,1.26,1.24,1.24,1.26,1.37,1.55,1.77,1.96,2.07,2.12,2.13,2.11,2.02,1.84,1.58,1.28,1.01,0.83,0.75,0.75
02,26,0.79,0.85,0.94,1.05,1.16,1.24,1.30,1.34,1.39,1.48,1.62,1.79,1.95,2.06,2.13,2.17,2.17,2.10,1.93,1.67,1.35,1.03,0.78,0.62
02,27,0.58,0.61,0.70,0.83,0.99,1.16,1.29,1.38,1.43,1.45,1.50,1.59,1.73,1.89,2.04,2.15,2.22,2.25,2.20,2.03,1.76,1.39,1.01,0.69
02,28,0.49,0.44,0.50,0.65,0.83,1.04,1.24,1.37,1.46,1.47,1.44,1.43,1.47,1.62,1.82,2.02,2.19,2.29,2.34,2.28,2.11,1.79,1.38,0.95
03,01,0.58,0.38,0.37,0.50,0.72,0.94,1.17,1.36,1.47,1.50,1.44,1.36,1.29,1.32,1.50,1.75,2.03,2.22,2.34,2.39,2.33,2.13,1.77,1.32
03,02,0.85,0.48,0.34,0.39,0.62,0.90,1.13,1.35,1.49,1.55,1.50,1.37,1.23,1.12,1.18,1.40,1.72,2.04,2.24,2.36,2.40,2.31,2.08,1.67
03,03,1.20,0.74,0.43,0.37,0.53,0.85,1.14,1.35,1.53,1.61,1.60,1.46,1.27,1.08,0.97,1.09,1.36,1.73,2.04,2.21,2.33,2.34,2.23,1.94
03,04,1.51,1.07,0.64,0.46,0.52,0.78,1.14,1.39,1.57,1.68,1.69,1.60,1.38,1.15,0.93,0.88,1.05,1.36,1.75,2.00,2.15,2.24,2.22,2.07
03,05,1.74,1.33,0.93,0.62,0.59,0.76,1.10,1.44,1.62,1.76,1.79,1.74,1.55,1.28,1.03,0.83,0.86,1.07,1.40,1.74,1.92,2.04,2.10,2.05
03,06,1.85,1.51,1.17,0.85,0.71,0.81,1.07,1.43,1.68,1.81,1.88,1.85,1.72,1.46,1.18,0.94,0.80,0.90,1.12,1.44,1.68,1.80,1.90,1.92
03,07,1.83,1.61,1.31,1.06,0.86,0.88,1.08,1.39,1.70,1.85,1.93,1.94,1.85,1.66,1.37,1.10,0.88,0.82,0.96,1.17,1.42,1.57,1.66,1.73
03,08,1.71,1.61,1.40,1.19,1.03,0.98,1.12,1.36,1.66,1.87,1.96,1.99,1.94,1.81,1.59,1.30,1.06,0.88,0.89,1.01,1.18,1.35,1.43,1.50
03,09,1.54,1.50,1.41,1.26,1.15,1.09,1.15,1.35,1.60,1.84,1.97,2.01,2.00,1.91,1.76,1.52,1.27,1.05,0.93,0.94,1.03,1.14,1.23,1.28
03,10,1.33,1.35,1.33,1.27,1.21,1.18,1.21,1.35,1.55,1.76,1.92,2.00,2.01,1.98,1.87,1.71,1.49,1.27,1.08,0.98,0.97,1.01,1.05,1.09
03,11,1.12,1.17,1.20,1.21,1.22,1.23,1.27,1.35,1.50,1.67,1.83,1.94,1.99,1.99,1.95,1.85,1.70,1.50,1.30,1.12,1.01,0.96,0.94,0.93
03,12,0.95,0.99,1.05,1.12,1.18,1.25,1.31,1.38,1.47,1.59,1.71,1.82,1.91,1.96,1.98,1.95,1.85,1.72,1.53,1.33,1.14,1.00,0.90,0.83
03,13,0.81,0.83,0.90,1.01,1.12,1.22,1.32,1.39,1.46,1.52,1.60,1.69,1.78,1.87,1.95,1.99,1.97,1.89,1.75,1.56,1.35,1.13,0.94,0.80
03,14,0.72,0.70,0.77,0.89,1.05,1.19,1.31,1.41,1.46,1.49,1.50,1.54,1.61,1.72,1.85,1.97,2.04,2.03,1.94,1.80,1.58,1.33,1.07,0.84
03,15,0.69,0.62,0.66,0.79,0.97,1.16,1.31,1.42,1.48,1.48,1.45,1.41,1.43,1.52,1.67,1.86,2.02,2.11,2.10,2.00,1.83,1.57,1.27,0.97
03,16,0.72,0.59,0.57,0.69,0.90,1.12,1.31,1.44,1.52,1.52,1.44,1.35,1.27,1.29,1.43,1.66,1.91,2.10,2.18,2.16,2.04,1.83,1.52,1.17
03,17,0.85,0.61,0.54,0.62,0.84,1.10,1.32,1.49,1.58,1.59,1.50,1.35,1.19,1.09,1.16,1.37,1.68,1.98,2.16,2.24,2.20,2.05,1.79,1.41
03,18,1.05,0.72,0.56,0.59,0.78,1.09,1.35,1.55,1.67,1.69,1.63,1.43,1.20,0.99,0.91,1.06,1.34,1.72,2.02,2.18,2.25,2.19,2.01,1.68
03,19,1.28,0.92,0.65,0.61,0.76,1.06,1.40,1.61,1.76,1.82,1.77,1.60,1.31,1.02,0.79,0.77,0.99,1.34,1.74,2.00,2.14,2.20,2.12,1.90
03,20,1.53,1.15,0.83,0.67,0.77,1.03,1.41,1.70,1.85,1.96,1.94,1.81,1.53,1.17,0.85,0.63,0.69,0.95,1.34,1.71,1.91,2.05,2.10,1.99
03,21,1.73,1.36,1.05,0.81,0.81,1.03,1.37,1.75,1.96,2.06,2.10,2.01,1.80,1.43,1.04,0.70,0.54,0.66,0.93,1.32,1.61,1.77,1.91,1.93
03,22,1.81,1.54,1.23,1.01,0.89,1.04,1.33,1.71,2.03,2.14,2.20,2.18,2.04,1.76,1.34,0.95,0.62,0.52,0.65,0.92,1.25,1.44,1.60,1.72
03,23,1.72,1.61,1.38,1.17,1.04,1.06,1.30,1.62,1.98,2.19,2.25,2.27,2.20,2.03,1.71,1.30,0.93,0.63,0.56,0.66,0.89,1.12,1.26,1.40
03,24,1.50,1.52,1.43,1.28,1.18,1.15,1.27,1.54,1.84,2.13,2.25,2.28,2.27,2.19,2.01,1.69,1.32,0.96,0.69,0.62,0.67,0.82,0.97,1.08
03,25,1.21,1.30,1.35,1.32,1.27,1.26,1.30,1.46,1.70,1.95,2.15,2.22,2.25,2.23,2.16,1.99,1.71,1.39,1.05,0.79,0.67,0.66,0.73,0.82
03,26,0.92,1.04,1.16,1.25,1.30,1.33,1.37,1.44,1.58,1.75,1.94,2.08,2.14,2.18,2.18,2.14,2.01,1.78,1.48,1.15,0.87,0.69,0.62,0.64
03,27,0.70,0.81,0.94,1.10,1.25,1.35,1.42,1.47,1.52,1.60,1.71,1.84,1.95,2.04,2.10,2.14,2.14,2.05,1.85,1.57,1.23,0.92,0.68,0.57
03,28,0.56,0.64,0.78,0.95,1.14,1.32,1.44,1.51,1.53,1.52,1.53,1.57,1.68,1.81,1.94,2.05,2.13,2.16,2.09,1.91,1.62,1.26,0.92,0.65
03,29,0.52,0.54,0.67,0.86,1.06,1.27,1.44,1.54,1.57,1.52,1.44,1.38,1.39,1.51,1.69,1.88,2.03,2.13,2.18,2.12,1.93,1.62,1.24,0.87
03,30,0.60,0.51,0.59,0.80,1.04,1.25,1.45,1.58,1.63,1.58,1.45,1.30,1.18,1.20,1.37,1.60,1.85,2.01,2.13,2.17,2.10,1.90,1.56,1.17
03,31,0.80,0.57,0.57,0.74,1.03,1.29,1.49,1.64,1.71,1.68,1.54,1.33,1.12,0.98,1.05,1.26,1.56,1.82,1.98,2.10,2.13,2.04,1.80,1.45
04,01,1.07,0.74,0.62,0.72,0.99,1.33,1.56,1.72,1.81,1.80,1.68,1.44,1.17,0.93,0.83,0.96,1.22,1.55,1.79,1.93,2.05,2.05,1.93,1.65
04,02,1.31,0.97,0.74,0.75,0.96,1.31,1.63,1.80,1.91,1.92,1.84,1.62,1.31,1.01,0.76,0.74,0.92,1.22,1.54,1.73,1.87,1.96,1.93,1.78
04,03,1.48,1.19,0.92,0.82,0.97,1.26,1.63,1.87,1.99,2.04,1.97,1.81,1.50,1.16,0.85,0.66,0.72,0.93,1.24,1.50,1.65,1.79,1.84,1.79
04,04,1.59,1.33,1.10,0.94,1.00,1.24,1.58,1.90,2.04,2.11,2.09,1.96,1.71,1.35,1.01,0.73,0.64,0.75,0.97,1.26,1.44,1.57,1.70,1.71
04,05,1.62,1.42,1.22,1.08,1.06,1.24,1.52,1.85,2.08,2.14,2.16,2.08,1.89,1.58,1.21,0.90,0.68,0.67,0.80,1.02,1.23,1.36,1.49,1.58
04,06,1.56,1.47,1.30,1.19,1.14,1.24,1.48,1.77,2.04,2.16,2.18,2.15,2.01,1.78,1.45,1.11,0.84,0.69,0.72,0.85,1.03,1.18,1.28,1.40
04,07,1.45,1.43,1.35,1.25,1.22,1.26,1.44,1.69,1.94,2.12,2.17,2.17,2.09,1.91,1.67,1.35,1.06,0.83,0.74,0.78,0.88,1.01,1.10,1.21
04,08,1.30,1.33,1.32,1.29,1.27,1.30,1.41,1.61,1.82,2.02,2.12,2.14,2.11,2.00,1.83,1.58,1.30,1.05,0.86,0.79,0.81,0.88,0.95,1.03
04,09,1.13,1.21,1.25,1.28,1.30,1.34,1.41,1.54,1.71,1.88,2.01,2.06,2.08,2.04,1.93,1.76,1.54,1.29,1.07,0.90,0.83,0.81,0.84,0.89
04,10,0.97,1.06,1.16,1.24,1.30,1.37,1.43,1.51,1.61,1.73,1.85,1.94,1.99,2.01,1.98,1.89,1.73,1.54,1.31,1.10,0.93,0.83,0.78,0.78
04,11,0.83,0.93,1.05,1.18,1.28,1.38,1.45,1.51,1.56,1.61,1.68,1.77,1.84,1.92,1.96,1.96,1.88,1.74,1.55,1.33,1.11,0.93,0.79,0.73
04,12,0.73,0.81,0.95,1.11,1.26,1.38,1.48,1.53,1.54,1.54,1.53,1.57,1.65,1.75,1.87,1.95,1.97,1.90,1.77,1.57,1.34,1.10,0.88,0.74
04,13,0.69,0.73,0.86,1.05,1.24,1.41,1.52,1.58,1.57,1.52,1.44,1.39,1.42,1.52,1.68,1.85,1.96,2.00,1.94,1.80,1.58,1.32,1.05,0.82
04,14,0.69,0.69,0.80,1.01,1.24,1.44,1.58,1.65,1.65,1.56,1.41,1.27,1.19,1.24,1.40,1.64,1.85,1.98,2.03,1.96,1.81,1.57,1.27,0.98
04,15,0.76,0.68,0.77,0.97,1.26,1.49,1.67,1.76,1.77,1.68,1.47,1.24,1.04,0.96,1.07,1.31,1.61,1.85,1.98,2.04,1.97,1.80,1.52,1.19
04,16,0.92,0.73,0.77,0.95,1.26,1.57,1.77,1.90,1.93,1.85,1.65,1.33,1.02,0.78,0.75,0.92,1.23,1.58,1.81,1.95,2.01,1.94,1.75,1.43
04,17,1.12,0.88,0.79,0.95,1.24,1.61,1.89,2.03,2.11,2.05,1.88,1.56,1.15,0.79,0.55,0.58,0.81,1.17,1.52,1.72,1.89,1.95,1.87,1.65
04,18,1.33,1.07,0.89,0.95,1.21,1.58,1.96,2.16,2.25,2.26,2.13,1.87,1.44,0.98,0.59,0.38,0.47,0.73,1.11,1.41,1.61,1.79,1.84,1.75
04,19,1.52,1.25,1.06,0.99,1.18,1.51,1.92,2.24,2.35,2.40,2.35,2.16,1.81,1.32,0.84,0.45,0.30,0.42,0.69,1.05,1.28,1.49,1.67,1.70
04,20,1.61,1.39,1.20,1.10,1.15,1.43,1.79,2.18,2.41,2.46,2.48,2.38,2.14,1.74,1.23,0.77,0.40,0.31,0.42,0.67,0.96,1.15,1.36,1.52
04,21,1.55,1.48,1.31,1.22,1.19,1.34,1.65,2.00,2.32,2.45,2.48,2.47,2.34,2.09,1.67,1.20,0.76,0.44,0.37,0.44,0.66,0.87,1.04,1.25
04,22,1.38,1.43,1.38,1.30,1.28,1.32,1.51,1.79,2.09,2.32,2.39,2.42,2.40,2.28,2.04,1.65,1.23,0.82,0.54,0.45,0.49,0.64,0.79,0.96
04,23,1.14,1.27,1.35,1.35,1.35,1.37,1.44,1.62,1.84,2.07,2.21,2.27,2.31,2.29,2.20,1.99,1.65,1.28,0.91,0.65,0.52,0.53,0.63,0.76
04,24,0.92,1.08,1.23,1.35,1.39,1.43,1.46,1.52,1.64,1.79,1.95,2.05,2.12,2.17,2.17,2.13,1.96,1.68,1.35,1.00,0.74,0.59,0.56,0.64
04,25,0.76,0.93,1.10,1.27,1.41,1.48,1.52,1.53,1.54,1.58,1.66,1.77,1.87,1.96,2.03,2.07,2.06,1.93,1.70,1.40,1.07,0.80,0.63,0.60
04,26,0.68,0.83,1.01,1.20,1.38,1.52,1.58,1.59,1.54,1.48,1.45,1.48,1.58,1.70,1.82,1.92,1.99,2.00,1.90,1.70,1.41,1.09,0.82,0.66
04,27,0.66,0.78,0.97,1.18,1.37,1.54,1.65,1.67,1.62,1.49,1.36,1.27,1.28,1.40,1.55,1.71,1.83,1.91,1.94,1.85,1.66,1.38,1.08,0.83
04,28,0.71,0.77,0.95,1.19,1.41,1.58,1.72,1.77,1.73,1.59,1.38,1.19,1.07,1.10,1.24,1.44,1.62,1.75,1.85,1.87,1.79,1.60,1.32,1.04
04,29,0.83,0.79,0.94,1.19,1.47,1.67,1.80,1.88,1.86,1.73,1.50,1.23,0.99,0.88,0.95,1.13,1.37,1.55,1.68,1.78,1.80,1.71,1.50,1.24
04,30,1.01,0.87,0.94,1.16,1.48,1.75,1.90,1.99,1.99,1.89,1.67,1.35,1.05,0.80,0.74,0.85,1.07,1.32,1.48,1.62,1.73,1.72,1.62,1.40
05,01,1.18,1.00,0.96,1.14,1.44,1.78,1.99,2.08,2.12,2.04,1.86,1.54,1.18,0.86,0.64,0.65,0.80,1.05,1.28,1.43,1.59,1.67,1.64,1.51
05,02,1.30,1.14,1.04,1.13,1.39,1.72,2.02,2.16,2.21,2.18,2.02,1.76,1.38,1.01,0.70,0.55,0.62,0.80,1.06,1.24,1.40,1.56,1.60,1.55
05,03,1.40,1.24,1.14,1.14,1.35,1.64,1.98,2.19,2.25,2.27,2.16,1.95,1.61,1.20,0.85,0.58,0.53,0.63,0.83,1.06,1.22,1.39,1.51,1.53
05,04,1.46,1.31,1.22,1.19,1.31,1.57,1.87,2.15,2.27,2.29,2.25,2.08,1.82,1.44,1.06,0.73,0.54,0.55,0.66,0.87,1.05,1.21,1.37,1.45
05,05,1.45,1.37,1.27,1.24,1.29,1.49,1.76,2.04,2.24,2.29,2.28,2.18,1.98,1.68,1.29,0.95,0.67,0.55,0.59,0.72,0.90,1.05,1.20,1.34
05,06,1.39,1.38,1.31,1.28,1.30,1.41,1.65,1.90,2.13,2.25,2.26,2.22,2.08,1.86,1.54,1.18,0.88,0.65,0.59,0.64,0.77,0.91,1.05,1.20
05,07,1.29,1.33,1.33,1.31,1.33,1.39,1.54,1.75,1.97,2.14,2.20,2.20,2.13,1.97,1.74,1.43,1.12,0.85,0.68,0.64,0.68,0.80,0.92,1.05
05,08,1.18,1.27,1.32,1.34,1.36,1.40,1.48,1.62,1.80,1.97,2.08,2.12,2.11,2.03,1.88,1.65,1.37,1.09,0.85,0.72,0.68,0.72,0.81,0.92
05,09,1.06,1.18,1.28,1.35,1.39,1.43,1.47,1.54,1.65,1.78,1.91,1.99,2.03,2.02,1.95,1.81,1.59,1.33,1.08,0.87,0.74,0.70,0.75,0.83
05,10,0.95,1.09,1.23,1.35,1.43,1.48,1.50,1.51,1.55,1.60,1.70,1.79,1.87,1.94,1.94,1.89,1.76,1.56,1.32,1.08,0.88,0.76,0.72,0.77
05,11,0.87,1.02,1.18,1.34,1.46,1.54,1.57,1.54,1.50,1.48,1.48,1.56,1.65,1.76,1.85,1.88,1.85,1.73,1.54,1.31,1.08,0.89,0.76,0.75
05,12,0.83,0.97,1.16,1.35,1.51,1.62,1.66,1.63,1.53,1.42,1.32,1.30,1.37,1.50,1.66,1.77,1.83,1.82,1.71,1.54,1.31,1.07,0.89,0.78
05,13,0.81,0.95,1.16,1.39,1.58,1.72,1.78,1.76,1.65,1.46,1.26,1.10,1.07,1.17,1.34,1.55,1.70,1.78,1.79,1.70,1.53,1.29,1.06,0.89
05,14,0.83,0.94,1.15,1.43,1.68,1.84,1.94,1.93,1.83,1.61,1.32,1.04,0.84,0.82,0.96,1.20,1.45,1.62,1.73,1.76,1.68,1.52,1.27,1.06
05,15,0.92,0.94,1.14,1.43,1.76,1.98,2.10,2.14,2.06,1.86,1.53,1.14,0.79,0.57,0.59,0.77,1.07,1.34,1.52,1.67,1.72,1.65,1.48,1.24
05,16,1.06,0.98,1.10,1.39,1.75,2.09,2.26,2.32,2.31,2.14,1.85,1.41,0.95,0.55,0.34,0.40,0.62,0.95,1.22,1.42,1.60,1.66,1.60,1.43
05,17,1.22,1.09,1.09,1.31,1.66,2.06,2.36,2.46,2.49,2.42,2.19,1.81,1.29,0.79,0.37,0.20,0.28,0.53,0.86,1.11,1.33,1.54,1.59,1.54
05,18,1.36,1.21,1.14,1.22,1.52,1.90,2.29,2.52,2.57,2.59,2.46,2.19,1.74,1.19,0.68,0.27,0.14,0.23,0.48,0.79,1.02,1.27,1.46,1.51
05,19,1.46,1.31,1.22,1.20,1.37,1.70,2.07,2.42,2.56,2.61,2.60,2.44,2.15,1.67,1.13,0.63,0.25,0.16,0.24,0.49,0.75,0.97,1.23,1.39
05,20,1.45,1.39,1.29,1.26,1.28,1.49,1.80,2.15,2.42,2.51,2.57,2.54,2.38,2.09,1.61,1.11,0.63,0.32,0.23,0.31,0.54,0.75,0.97,1.20
05,21,1.34,1.41,1.37,1.32,1.31,1.36,1.57,1.84,2.13,2.32,2.40,2.45,2.42,2.29,2.00,1.57,1.12,0.68,0.42,0.33,0.41,0.60,0.79,1.00
05,22,1.20,1.33,1.41,1.39,1.38,1.37,1.42,1.59,1.80,2.02,2.16,2.23,2.28,2.26,2.16,1.90,1.53,1.13,0.75,0.53,0.45,0.53,0.69,0.86
05,23,1.06,1.23,1.38,1.45,1.46,1.45,1.42,1.45,1.55,1.70,1.86,1.96,2.04,2.09,2.10,2.02,1.80,1.50,1.15,0.83,0.63,0.57,0.65,0.80
05,24,0.98,1.16,1.33,1.47,1.54,1.55,1.51,1.45,1.43,1.46,1.55,1.66,1.76,1.84,1.90,1.93,1.88,1.70,1.45,1.16,0.89,0.73,0.69,0.78
05,25,0.95,1.13,1.31,1.47,1.60,1.65,1.63,1.55,1.44,1.36,1.33,1.37,1.47,1.56,1.65,1.72,1.77,1.74,1.61,1.41,1.16,0.95,0.81,0.81
05,26,0.94,1.12,1.32,1.50,1.64,1.75,1.76,1.69,1.55,1.38,1.24,1.16,1.19,1.28,1.38,1.49,1.57,1.63,1.63,1.53,1.37,1.16,0.99,0.90
05,27,0.94,1.12,1.34,1.56,1.72,1.83,1.88,1.83,1.70,1.49,1.26,1.07,0.97,1.01,1.11,1.24,1.36,1.45,1.54,1.54,1.47,1.33,1.15,1.02
05,28,0.98,1.11,1.33,1.58,1.80,1.92,1.99,1.98,1.87,1.66,1.37,1.10,0.88,0.80,0.86,0.98,1.14,1.26,1.38,1.48,1.49,1.42,1.28,1.15
05,29,1.06,1.10,1.29,1.56,1.83,2.01,2.09,2.11,2.03,1.84,1.55,1.22,0.92,0.70,0.66,0.74,0.91,1.07,1.21,1.36,1.45,1.45,1.38,1.25
05,30,1.15,1.12,1.25,1.50,1.79,2.05,2.17,2.21,2.17,2.02,1.76,1.40,1.05,0.74,0.56,0.57,0.68,0.88,1.04,1.20,1.36,1.43,1.42,1.33
05,31,1.22,1.17,1.21,1.42,1.70,2.01,2.21,2.27,2.28,2.17,1.96,1.63,1.23,0.87,0.58,0.48,0.52,0.68,0.88,1.05,1.24,1.37,1.42,1.38
06,01,1.28,1.22,1.21,1.34,1.59,1.89,2.17,2.30,2.33,2.28,2.11,1.85,1.47,1.07,0.72,0.49,0.44,0.52,0.71,0.91,1.09,1.28,1.37,1.40
06,02,1.34,1.25,1.23,1.28,1.48,1.75,2.05,2.27,2.33,2.34,2.23,2.02,1.71,1.30,0.92,0.60,0.45,0.45,0.57,0.78,0.96,1.15,1.30,1.36
06,03,1.37,1.29,1.25,1.26,1.37,1.61,1.88,2.15,2.30,2.33,2.30,2.14,1.91,1.55,1.16,0.81,0.54,0.45,0.49,0.65,0.85,1.02,1.20,1.31
06,04,1.35,1.34,1.28,1.28,1.31,1.47,1.71,1.97,2.19,2.28,2.29,2.22,2.04,1.77,1.40,1.04,0.72,0.52,0.49,0.56,0.74,0.91,1.08,1.24
06,05,1.31,1.35,1.33,1.30,1.31,1.37,1.55,1.77,2.01,2.17,2.22,2.21,2.11,1.92,1.63,1.28,0.95,0.68,0.55,0.54,0.66,0.83,0.98,1.15
06,06,1.27,1.34,1.37,1.35,1.34,1.35,1.43,1.59,1.79,1.99,2.10,2.14,2.11,2.00,1.80,1.51,1.19,0.89,0.67,0.59,0.62,0.75,0.91,1.06
06,07,1.21,1.32,1.40,1.42,1.41,1.39,1.39,1.46,1.58,1.76,1.91,1.99,2.03,1.99,1.88,1.68,1.41,1.12,0.86,0.70,0.65,0.71,0.86,1.00
06,08,1.16,1.30,1.42,1.49,1.50,1.47,1.42,1.39,1.43,1.51,1.66,1.77,1.86,1.89,1.86,1.77,1.58,1.34,1.08,0.87,0.75,0.72,0.82,0.97
06,09,1.13,1.30,1.44,1.55,1.60,1.59,1.52,1.42,1.35,1.32,1.38,1.50,1.61,1.70,1.75,1.74,1.67,1.51,1.30,1.08,0.90,0.81,0.82,0.96
06,10,1.13,1.32,1.49,1.62,1.72,1.73,1.67,1.54,1.37,1.23,1.15,1.18,1.29,1.42,1.54,1.60,1.63,1.58,1.46,1.29,1.10,0.95,0.89,0.95
06,11,1.12,1.34,1.56,1.73,1.85,1.90,1.86,1.73,1.51,1.26,1.05,0.92,0.94,1.05,1.22,1.37,1.46,1.53,1.53,1.44,1.30,1.13,1.02,0.99
06,12,1.10,1.33,1.59,1.84,1.99,2.07,2.08,1.97,1.76,1.45,1.11,0.82,0.66,0.68,0.82,1.02,1.20,1.34,1.46,1.49,1.43,1.31,1.16,1.08
06,13,1.09,1.27,1.56,1.87,2.12,2.24,2.29,2.24,2.06,1.77,1.35,0.93,0.59,0.41,0.45,0.61,0.86,1.07,1.24,1.41,1.47,1.43,1.32,1.19
06,14,1.14,1.20,1.44,1.77,2.12,2.36,2.45,2.46,2.36,2.12,1.75,1.25,0.78,0.38,0.21,0.27,0.46,0.74,0.97,1.19,1.38,1.45,1.43,1.31
06,15,1.21,1.18,1.29,1.59,1.95,2.32,2.52,2.58,2.59,2.44,2.16,1.72,1.17,0.65,0.24,0.09,0.15,0.38,0.68,0.92,1.18,1.37,1.43,1.41
06,16,1.29,1.22,1.21,1.37,1.70,2.07,2.43,2.59,2.65,2.64,2.47,2.16,1.66,1.10,0.57,0.17,0.05,0.13,0.39,0.68,0.93,1.20,1.36,1.43
06,17,1.38,1.27,1.22,1.23,1.43,1.76,2.13,2.45,2.57,2.64,2.61,2.44,2.12,1.60,1.05,0.52,0.18,0.09,0.19,0.47,0.74,0.99,1.24,1.37
06,18,1.42,1.35,1.27,1.22,1.25,1.47,1.77,2.13,2.38,2.48,2.56,2.52,2.36,2.02,1.52,1.01,0.52,0.24,0.19,0.33,0.61,0.84,1.09,1.28
06,19,1.40,1.44,1.35,1.29,1.23,1.27,1.48,1.75,2.06,2.24,2.34,2.40,2.36,2.22,1.87,1.43,0.97,0.55,0.36,0.34,0.52,0.77,0.98,1.20
06,20,1.35,1.46,1.47,1.39,1.32,1.25,1.30,1.47,1.69,1.93,2.06,2.15,2.20,2.17,2.02,1.71,1.33,0.94,0.62,0.50,0.53,0.73,0.94,1.14
06,21,1.32,1.45,1.54,1.52,1.45,1.36,1.28,1.31,1.43,1.60,1.76,1.85,1.93,1.96,1.94,1.81,1.55,1.25,0.94,0.72,0.66,0.73,0.93,1.12
06,22,1.30,1.45,1.56,1.63,1.60,1.51,1.40,1.30,1.30,1.35,1.46,1.56,1.63,1.69,1.72,1.71,1.61,1.42,1.20,0.97,0.84,0.82,0.93,1.12
06,23,1.30,1.46,1.60,1.69,1.73,1.68,1.57,1.42,1.30,1.23,1.23,1.29,1.35,1.40,1.46,1.50,1.52,1.46,1.33,1.18,1.02,0.96,0.98,1.11
06,24,1.30,1.48,1.64,1.75,1.82,1.83,1.74,1.60,1.41,1.24,1.12,1.07,1.10,1.15,1.20,1.27,1.33,1.38,1.36,1.29,1.18,1.09,1.06,1.12
06,25,1.28,1.48,1.67,1.82,1.90,1.95,1.91,1.78,1.58,1.34,1.13,0.97,0.90,0.92,0.97,1.05,1.13,1.22,1.30,1.31,1.28,1.20,1.15,1.15
06,26,1.24,1.44,1.66,1.85,1.98,2.04,2.05,1.96,1.78,1.52,1.24,0.99,0.80,0.74,0.76,0.84,0.95,1.06,1.19,1.28,1.30,1.28,1.22,1.20
06,27,1.23,1.36,1.59,1.83,2.02,2.12,2.15,2.11,1.96,1.73,1.41,1.09,0.82,0.64,0.60,0.65,0.77,0.91,1.06,1.21,1.29,1.32,1.28,1.23
06,28,1.23,1.29,1.48,1.73,1.98,2.16,2.23,2.23,2.13,1.93,1.63,1.27,0.94,0.66,0.52,0.51,0.60,0.77,0.93,1.11,1.25,1.32,1.32,1.26
06,29,1.23,1.25,1.37,1.60,1.87,2.12,2.26,2.30,2.26,2.10,1.86,1.50,1.12,0.78,0.52,0.43,0.47,0.62,0.82,1.00,1.19,1.30,1.34,1.31
06,30,1.25,1.23,1.27,1.45,1.71,2.00,2.23,2.32,2.34,2.24,2.05,1.75,1.35,0.97,0.63,0.43,0.40,0.50,0.70,0.90,1.10,1.26,1.33,1.35
07,01,1.28,1.23,1.22,1.31,1.53,1.81,2.11,2.29,2.35,2.33,2.19,1.96,1.61,1.20,0.82,0.52,0.40,0.42,0.59,0.81,1.01,1.20,1.31,1.36
07,02,1.34,1.26,1.22,1.22,1.36,1.61,1.91,2.19,2.31,2.35,2.28,2.11,1.84,1.44,1.05,0.69,0.46,0.42,0.50,0.72,0.94,1.13,1.28,1.36
07,03,1.38,1.32,1.25,1.21,1.24,1.43,1.69,1.99,2.21,2.29,2.30,2.20,2.00,1.68,1.28,0.92,0.60,0.46,0.48,0.64,0.88,1.06,1.24,1.35
07,04,1.40,1.40,1.31,1.25,1.21,1.27,1.48,1.74,2.02,2.17,2.23,2.21,2.08,1.86,1.51,1.14,0.81,0.57,0.52,0.60,0.81,1.03,1.19,1.34
07,05,1.42,1.46,1.42,1.32,1.25,1.21,1.31,1.50,1.76,1.98,2.09,2.13,2.08,1.94,1.69,1.35,1.03,0.75,0.60,0.62,0.76,0.99,1.17,1.33
07,06,1.45,1.51,1.52,1.45,1.35,1.26,1.22,1.31,1.48,1.71,1.87,1.95,1.98,1.92,1.78,1.53,1.23,0.96,0.75,0.69,0.76,0.95,1.17,1.33
07,07,1.47,1.56,1.62,1.60,1.50,1.38,1.25,1.21,1.27,1.41,1.59,1.71,1.78,1.79,1.74,1.62,1.40,1.16,0.94,0.82,0.82,0.94,1.15,1.35
07,08,1.51,1.63,1.70,1.74,1.68,1.56,1.39,1.23,1.15,1.16,1.27,1.40,1.50,1.57,1.59,1.57,1.48,1.32,1.14,0.99,0.93,0.98,1.13,1.35
07,09,1.54,1.70,1.80,1.86,1.86,1.77,1.60,1.38,1.17,1.03,0.99,1.06,1.17,1.27,1.35,1.40,1.43,1.38,1.29,1.17,1.07,1.06,1.13,1.31
07,10,1.54,1.75,1.91,1.99,2.03,2.00,1.86,1.64,1.35,1.07,0.87,0.78,0.82,0.92,1.04,1.15,1.24,1.33,1.34,1.30,1.22,1.16,1.17,1.27
07,11,1.47,1.72,1.95,2.12,2.19,2.21,2.13,1.95,1.66,1.30,0.95,0.68,0.55,0.58,0.69,0.85,0.99,1.15,1.28,1.34,1.33,1.28,1.23,1.25
07,12,1.36,1.60,1.87,2.14,2.30,2.37,2.37,2.26,2.03,1.68,1.24,0.82,0.49,0.34,0.36,0.50,0.71,0.90,1.11,1.28,1.36,1.37,1.31,1.26
07,13,1.28,1.41,1.68,1.98,2.28,2.45,2.51,2.51,2.37,2.10,1.69,1.18,0.71,0.33,0.18,0.21,0.40,0.66,0.89,1.14,1.31,1.39,1.39,1.31
07,14,1.26,1.26,1.41,1.71,2.05,2.38,2.55,2.61,2.60,2.44,2.14,1.66,1.12,0.60,0.21,0.09,0.16,0.41,0.70,0.95,1.21,1.36,1.43,1.39
07,15,1.28,1.22,1.21,1.40,1.71,2.08,2.42,2.57,2.65,2.62,2.45,2.13,1.61,1.06,0.52,0.17,0.09,0.21,0.52,0.81,1.07,1.30,1.42,1.46
07,16,1.37,1.25,1.16,1.16,1.38,1.70,2.09,2.39,2.53,2.61,2.57,2.40,2.04,1.51,0.98,0.46,0.20,0.18,0.37,0.71,0.97,1.22,1.40,1.49
07,17,1.48,1.35,1.22,1.11,1.13,1.36,1.68,2.06,2.30,2.42,2.49,2.44,2.27,1.87,1.39,0.89,0.46,0.30,0.35,0.62,0.93,1.16,1.37,1.50
07,18,1.56,1.50,1.34,1.20,1.08,1.14,1.36,1.67,1.99,2.15,2.26,2.31,2.25,2.06,1.67,1.26,0.82,0.53,0.47,0.60,0.89,1.15,1.35,1.51
07,19,1.60,1.62,1.51,1.35,1.20,1.09,1.17,1.36,1.63,1.85,1.96,2.05,2.07,2.01,1.81,1.48,1.14,0.81,0.65,0.68,0.87,1.14,1.35,1.52
07,20,1.64,1.69,1.67,1.53,1.38,1.21,1.13,1.20,1.34,1.54,1.68,1.75,1.81,1.81,1.75,1.57,1.32,1.08,0.87,0.82,0.91,1.12,1.36,1.53
07,21,1.66,1.74,1.77,1.72,1.57,1.41,1.24,1.17,1.20,1.28,1.40,1.47,1.51,1.55,1.56,1.52,1.39,1.23,1.07,0.98,1.01,1.13,1.34,1.53
07,22,1.67,1.78,1.84,1.84,1.77,1.62,1.44,1.27,1.18,1.15,1.18,1.23,1.25,1.29,1.33,1.35,1.34,1.28,1.20,1.13,1.11,1.18,1.31,1.50
07,23,1.67,1.79,1.89,1.92,1.91,1.82,1.65,1.46,1.27,1.14,1.06,1.03,1.04,1.05,1.10,1.15,1.21,1.25,1.25,1.23,1.20,1.23,1.31,1.44
07,24,1.62,1.78,1.90,1.98,2.00,1.97,1.85,1.67,1.44,1.22,1.05,0.92,0.86,0.86,0.89,0.96,1.05,1.15,1.23,1.27,1.27,1.27,1.31,1.39
07,25,1.53,1.71,1.88,2.01,2.08,2.08,2.02,1.88,1.66,1.39,1.14,0.93,0.77,0.71,0.72,0.79,0.91,1.03,1.17,1.26,1.31,1.31,1.31,1.35
07,26,1.43,1.59,1.79,1.97,2.11,2.16,2.15,2.06,1.87,1.61,1.31,1.02,0.78,0.63,0.59,0.64,0.77,0.93,1.09,1.23,1.31,1.34,1.33,1.32
07,27,1.35,1.46,1.64,1.87,2.07,2.20,2.24,2.20,2.07,1.84,1.53,1.19,0.88,0.64,0.52,0.52,0.65,0.82,1.01,1.18,1.30,1.36,1.36,1.32
07,28,1.30,1.33,1.47,1.70,1.95,2.17,2.28,2.30,2.22,2.05,1.78,1.42,1.06,0.73,0.52,0.46,0.53,0.73,0.94,1.13,1.28,1.37,1.40,1.34
07,29,1.28,1.25,1.31,1.50,1.76,2.06,2.26,2.35,2.33,2.21,2.00,1.67,1.28,0.90,0.59,0.45,0.46,0.63,0.87,1.08,1.27,1.38,1.43,1.40
07,30,1.30,1.23,1.19,1.30,1.54,1.85,2.15,2.32,2.38,2.33,2.17,1.91,1.52,1.13,0.75,0.50,0.45,0.55,0.79,1.04,1.24,1.39,1.46,1.47
07,31,1.38,1.26,1.17,1.15,1.32,1.60,1.94,2.21,2.33,2.37,2.28,2.09,1.77,1.36,0.97,0.63,0.49,0.53,0.72,1.00,1.21,1.39,1.49,1.52
08,01,1.48,1.33,1.20,1.10,1.14,1.36,1.66,2.01,2.22,2.30,2.30,2.18,1.96,1.59,1.19,0.83,0.58,0.56,0.68,0.95,1.21,1.39,1.53,1.59
08,02,1.58,1.47,1.29,1.15,1.06,1.15,1.39,1.72,2.02,2.16,2.22,2.19,2.05,1.78,1.40,1.05,0.75,0.63,0.70,0.91,1.21,1.41,1.56,1.65
08,03,1.67,1.62,1.45,1.26,1.10,1.04,1.17,1.41,1.72,1.94,2.04,2.09,2.03,1.87,1.58,1.24,0.96,0.75,0.76,0.91,1.17,1.44,1.59,1.71
08,04,1.76,1.75,1.64,1.44,1.24,1.07,1.04,1.17,1.39,1.65,1.79,1.87,1.90,1.83,1.67,1.41,1.15,0.94,0.85,0.94,1.15,1.43,1.64,1.76
08,05,1.84,1.86,1.81,1.67,1.45,1.23,1.06,1.03,1.12,1.31,1.49,1.59,1.66,1.67,1.63,1.50,1.30,1.13,1.00,1.01,1.16,1.39,1.64,1.80
08,06,1.90,1.95,1.95,1.88,1.71,1.48,1.23,1.05,0.99,1.03,1.16,1.28,1.36,1.42,1.46,1.45,1.37,1.27,1.17,1.12,1.20,1.36,1.59,1.81
08,07,1.95,2.03,2.06,2.05,1.96,1.77,1.52,1.24,1.02,0.90,0.89,0.96,1.04,1.12,1.20,1.27,1.33,1.32,1.29,1.26,1.26,1.35,1.51,1.72
08,08,1.92,2.07,2.15,2.17,2.16,2.06,1.85,1.57,1.25,0.98,0.79,0.72,0.74,0.81,0.92,1.03,1.16,1.28,1.33,1.35,1.35,1.36,1.44,1.58
08,09,1.79,1.99,2.16,2.26,2.30,2.29,2.17,1.95,1.63,1.25,0.91,0.65,0.53,0.54,0.63,0.78,0.95,1.13,1.29,1.38,1.42,1.41,1.41,1.45
08,10,1.58,1.80,2.03,2.24,2.36,2.42,2.41,2.28,2.04,1.67,1.23,0.82,0.50,0.37,0.39,0.53,0.74,0.96,1.18,1.35,1.44,1.46,1.42,1.38
08,11,1.39,1.52,1.76,2.04,2.30,2.46,2.53,2.52,2.38,2.10,1.68,1.19,0.72,0.38,0.26,0.32,0.55,0.81,1.06,1.29,1.44,1.51,1.48,1.38
08,12,1.30,1.28,1.42,1.70,2.04,2.34,2.51,2.60,2.58,2.42,2.12,1.64,1.12,0.62,0.30,0.24,0.37,0.68,0.97,1.22,1.43,1.54,1.56,1.46
08,13,1.31,1.19,1.15,1.34,1.65,2.04,2.35,2.51,2.60,2.57,2.40,2.05,1.55,1.03,0.54,0.30,0.32,0.55,0.91,1.18,1.41,1.57,1.63,1.59
08,14,1.41,1.23,1.07,1.06,1.29,1.62,2.03,2.30,2.44,2.53,2.48,2.30,1.90,1.42,0.92,0.51,0.40,0.51,0.83,1.18,1.41,1.60,1.69,1.71
08,15,1.58,1.36,1.15,0.98,1.03,1.27,1.63,2.00,2.20,2.32,2.38,2.32,2.11,1.70,1.27,0.84,0.57,0.58,0.78,1.15,1.44,1.62,1.76,1.80
08,16,1.75,1.55,1.31,1.09,0.95,1.05,1.29,1.63,1.91,2.04,2.15,2.18,2.10,1.86,1.49,1.14,0.82,0.72,0.83,1.10,1.44,1.65,1.79,1.87
08,17,1.86,1.75,1.51,1.28,1.05,0.97,1.09,1.31,1.59,1.77,1.86,1.94,1.94,1.85,1.61,1.33,1.08,0.90,0.93,1.11,1.41,1.67,1.81,1.92
08,18,1.94,1.89,1.74,1.49,1.26,1.06,1.03,1.13,1.31,1.50,1.59,1.66,1.71,1.70,1.61,1.42,1.24,1.09,1.05,1.17,1.38,1.64,1.83,1.93
08,19,1.99,1.98,1.90,1.72,1.49,1.27,1.10,1.08,1.14,1.26,1.36,1.40,1.46,1.49,1.48,1.42,1.32,1.23,1.17,1.23,1.38,1.58,1.79,1.92
08,20,1.99,2.03,1.99,1.90,1.72,1.50,1.29,1.15,1.11,1.11,1.15,1.19,1.22,1.27,1.30,1.33,1.32,1.30,1.28,1.30,1.39,1.54,1.71,1.87
08,21,1.97,2.03,2.05,2.00,1.91,1.73,1.53,1.32,1.17,1.08,1.03,1.02,1.02,1.05,1.12,1.18,1.25,1.31,1.33,1.37,1.41,1.51,1.63,1.77
08,22,1.90,1.99,2.06,2.08,2.03,1.93,1.76,1.55,1.33,1.15,1.01,0.92,0.88,0.89,0.94,1.04,1.15,1.26,1.35,1.40,1.44,1.49,1.56,1.65
08,23,1.77,1.91,2.02,2.10,2.12,2.07,1.97,1.78,1.55,1.31,1.09,0.91,0.79,0.76,0.80,0.90,1.05,1.19,1.32,1.41,1.46,1.48,1.50,1.54
08,24,1.63,1.76,1.92,2.06,2.16,2.18,2.12,1.99,1.79,1.52,1.24,0.99,0.79,0.68,0.69,0.78,0.95,1.12,1.28,1.41,1.48,1.50,1.48,1.46
08,25,1.49,1.59,1.75,1.95,2.13,2.23,2.24,2.17,2.01,1.76,1.45,1.14,0.86,0.67,0.61,0.68,0.86,1.07,1.25,1.40,1.50,1.53,1.49,1.42
08,26,1.37,1.41,1.55,1.77,2.02,2.21,2.30,2.29,2.19,1.99,1.69,1.35,1.01,0.73,0.60,0.61,0.78,1.01,1.23,1.41,1.52,1.57,1.54,1.43
08,27,1.33,1.26,1.34,1.53,1.82,2.11,2.29,2.36,2.32,2.18,1.94,1.58,1.21,0.86,0.64,0.59,0.71,0.96,1.22,1.42,1.56,1.62,1.62,1.50
08,28,1.35,1.21,1.16,1.29,1.55,1.89,2.18,2.33,2.38,2.31,2.14,1.83,1.44,1.07,0.75,0.62,0.68,0.90,1.21,1.44,1.61,1.70,1.71,1.62
08,29,1.43,1.24,1.07,1.08,1.28,1.59,1.97,2.21,2.33,2.35,2.25,2.04,1.67,1.28,0.93,0.70,0.70,0.87,1.18,1.47,1.65,1.78,1.81,1.76
08,30,1.58,1.33,1.11,0.96,1.04,1.29,1.65,2.00,2.17,2.27,2.27,2.14,1.88,1.49,1.14,0.86,0.76,0.89,1.15,1.49,1.71,1.84,1.92,1.89
08,31,1.77,1.51,1.23,1.00,0.89,1.03,1.31,1.68,1.95,2.08,2.17,2.14,1.98,1.68,1.33,1.05,0.87,0.93,1.14,1.47,1.77,1.91,2.00,2.02
09,01,1.94,1.74,1.44,1.15,0.91,0.87,1.04,1.32,1.64,1.83,1.94,2.01,1.96,1.79,1.50,1.23,1.04,0.99,1.16,1.43,1.77,1.99,2.07,2.12
09,02,2.08,1.96,1.71,1.39,1.10,0.88,0.88,1.03,1.29,1.53,1.65,1.76,1.81,1.76,1.60,1.38,1.21,1.11,1.19,1.41,1.71,1.99,2.13,2.18
09,03,2.19,2.12,1.97,1.69,1.38,1.09,0.89,0.89,1.00,1.20,1.35,1.45,1.55,1.59,1.57,1.47,1.34,1.26,1.26,1.40,1.64,1.91,2.12,2.20
09,04,2.24,2.22,2.15,1.98,1.72,1.41,1.12,0.93,0.88,0.93,1.06,1.15,1.24,1.34,1.41,1.44,1.41,1.38,1.37,1.42,1.58,1.79,2.01,2.16
09,05,2.24,2.26,2.25,2.19,2.03,1.78,1.48,1.18,0.96,0.84,0.83,0.89,0.96,1.06,1.17,1.29,1.38,1.43,1.46,1.48,1.55,1.67,1.84,2.02
09,06,2.15,2.24,2.28,2.29,2.25,2.11,1.87,1.56,1.23,0.96,0.77,0.71,0.73,0.81,0.93,1.09,1.26,1.40,1.49,1.54,1.57,1.60,1.67,1.79
09,07,1.95,2.10,2.23,2.31,2.36,2.34,2.21,1.97,1.64,1.26,0.93,0.68,0.59,0.61,0.73,0.91,1.11,1.32,1.48,1.57,1.61,1.59,1.57,1.58
09,08,1.68,1.85,2.04,2.23,2.35,2.43,2.42,2.30,2.05,1.67,1.25,0.86,0.59,0.50,0.57,0.76,1.00,1.23,1.44,1.59,1.66,1.64,1.55,1.46
09,09,1.42,1.52,1.73,1.99,2.24,2.39,2.49,2.48,2.35,2.07,1.66,1.20,0.78,0.52,0.49,0.64,0.91,1.19,1.42,1.61,1.70,1.72,1.61,1.45
09,10,1.30,1.24,1.37,1.63,1.97,2.25,2.40,2.50,2.49,2.34,2.03,1.58,1.12,0.70,0.52,0.58,0.83,1.17,1.43,1.64,1.77,1.81,1.74,1.54
09,11,1.32,1.12,1.08,1.27,1.58,1.96,2.22,2.37,2.46,2.43,2.26,1.91,1.47,1.02,0.68,0.62,0.77,1.12,1.47,1.68,1.85,1.91,1.88,1.71
09,12,1.44,1.18,0.97,0.99,1.21,1.56,1.94,2.15,2.29,2.36,2.31,2.11,1.74,1.34,0.95,0.74,0.81,1.06,1.46,1.75,1.91,2.02,2.01,1.90
09,13,1.64,1.34,1.05,0.87,0.96,1.21,1.57,1.88,2.03,2.17,2.21,2.14,1.90,1.56,1.23,0.94,0.90,1.07,1.40,1.77,1.97,2.08,2.12,2.05
09,14,1.87,1.55,1.24,0.96,0.85,0.99,1.24,1.57,1.78,1.90,2.02,2.03,1.94,1.69,1.41,1.17,1.03,1.13,1.38,1.73,2.00,2.12,2.19,2.16
09,15,2.04,1.79,1.45,1.16,0.92,0.90,1.04,1.27,1.52,1.65,1.77,1.85,1.83,1.73,1.51,1.33,1.19,1.20,1.39,1.67,1.97,2.14,2.21,2.23
09,16,2.15,1.98,1.70,1.39,1.12,0.94,0.96,1.08,1.27,1.43,1.51,1.62,1.67,1.65,1.55,1.42,1.33,1.30,1.41,1.63,1.89,2.11,2.20,2.23
09,17,2.21,2.10,1.91,1.63,1.36,1.12,1.00,1.02,1.11,1.23,1.31,1.38,1.47,1.51,1.50,1.45,1.40,1.39,1.44,1.61,1.81,2.02,2.15,2.20
09,18,2.22,2.17,2.04,1.85,1.60,1.36,1.15,1.06,1.05,1.09,1.14,1.19,1.26,1.34,1.39,1.42,1.43,1.45,1.50,1.59,1.74,1.90,2.05,2.13
09,19,2.17,2.18,2.12,2.00,1.83,1.61,1.39,1.20,1.09,1.04,1.03,1.04,1.09,1.16,1.26,1.34,1.42,1.48,1.54,1.60,1.69,1.80,1.91,2.01
09,20,2.08,2.13,2.14,2.10,2.00,1.84,1.63,1.42,1.23,1.09,1.00,0.95,0.95,1.01,1.12,1.24,1.36,1.47,1.56,1.62,1.66,1.71,1.78,1.86
09,21,1.94,2.04,2.10,2.14,2.10,2.01,1.86,1.66,1.43,1.22,1.05,0.93,0.87,0.90,1.00,1.14,1.30,1.44,1.56,1.63,1.67,1.67,1.67,1.70
09,22,1.77,1.88,2.01,2.11,2.16,2.14,2.05,1.89,1.66,1.41,1.17,0.97,0.85,0.82,0.90,1.06,1.25,1.42,1.56,1.66,1.69,1.67,1.61,1.57
09,23,1.59,1.68,1.83,2.01,2.15,2.21,2.18,2.08,1.89,1.63,1.35,1.08,0.88,0.79,0.83,0.99,1.21,1.42,1.58,1.69,1.74,1.70,1.61,1.49
09,24,1.42,1.46,1.60,1.83,2.05,2.20,2.26,2.21,2.09,1.86,1.57,1.26,0.98,0.82,0.80,0.94,1.18,1.42,1.62,1.75,1.81,1.78,1.66,1.49
09,25,1.32,1.25,1.35,1.56,1.85,2.10,2.25,2.29,2.23,2.07,1.80,1.46,1.14,0.89,0.82,0.91,1.15,1.44,1.67,1.83,1.90,1.89,1.78,1.55
09,26,1.32,1.12,1.10,1.26,1.55,1.90,2.13,2.26,2.29,2.20,2.01,1.69,1.35,1.05,0.87,0.92,1.12,1.45,1.74,1.91,2.02,2.02,1.93,1.71
09,27,1.41,1.13,0.94,0.98,1.21,1.57,1.91,2.11,2.23,2.25,2.14,1.90,1.55,1.24,1.00,0.96,1.13,1.43,1.79,2.01,2.13,2.17,2.10,1.92
09,28,1.59,1.24,0.94,0.79,0.92,1.19,1.58,1.87,2.04,2.16,2.16,2.02,1.75,1.43,1.18,1.04,1.15,1.41,1.78,2.10,2.23,2.30,2.28,2.13
09,29,1.86,1.46,1.09,0.79,0.72,0.89,1.19,1.55,1.77,1.93,2.05,2.02,1.87,1.60,1.34,1.18,1.18,1.40,1.73,2.10,2.32,2.38,2.41,2.32
09,30,2.12,1.78,1.35,0.98,0.71,0.70,0.88,1.18,1.47,1.63,1.80,1.89,1.86,1.71,1.48,1.33,1.26,1.38,1.67,2.01,2.33,2.45,2.47,2.45
10,01,2.32,2.09,1.70,1.30,0.93,0.71,0.73,0.88,1.14,1.34,1.48,1.64,1.72,1.70,1.58,1.44,1.38,1.40,1.61,1.90,2.21,2.43,2.48,2.49
10,02,2.44,2.30,2.05,1.68,1.30,0.95,0.77,0.76,0.87,1.06,1.20,1.34,1.48,1.56,1.58,1.52,1.48,1.48,1.57,1.78,2.03,2.29,2.42,2.45
10,03,2.45,2.40,2.28,2.04,1.71,1.35,1.03,0.84,0.79,0.85,0.96,1.06,1.20,1.34,1.46,1.53,1.54,1.56,1.60,1.70,1.87,2.07,2.25,2.34
10,04,2.37,2.39,2.36,2.27,2.07,1.78,1.44,1.12,0.91,0.79,0.80,0.87,0.97,1.11,1.27,1.43,1.55,1.61,1.66,1.70,1.76,1.86,1.99,2.12
10,05,2.21,2.28,2.32,2.34,2.29,2.12,1.86,1.53,1.20,0.94,0.78,0.75,0.81,0.93,1.10,1.29,1.48,1.63,1.71,1.74,1.73,1.73,1.76,1.84
10,06,1.96,2.08,2.19,2.28,2.33,2.31,2.17,1.93,1.59,1.24,0.94,0.75,0.73,0.81,0.99,1.20,1.41,1.61,1.74,1.80,1.78,1.70,1.62,1.58
10,07,1.65,1.79,1.96,2.13,2.25,2.33,2.33,2.20,1.95,1.60,1.23,0.91,0.74,0.76,0.91,1.15,1.39,1.60,1.78,1.87,1.86,1.76,1.60,1.44
10,08,1.37,1.45,1.64,1.87,2.08,2.22,2.32,2.32,2.19,1.93,1.56,1.19,0.88,0.77,0.87,1.11,1.41,1.64,1.82,1.95,1.97,1.88,1.68,1.44
10,09,1.23,1.16,1.29,1.53,1.82,2.04,2.18,2.28,2.27,2.13,1.84,1.48,1.13,0.88,0.88,1.07,1.40,1.71,1.90,2.04,2.09,2.03,1.84,1.56
10,10,1.27,1.03,1.01,1.18,1.47,1.78,1.97,2.12,2.21,2.18,2.02,1.72,1.39,1.09,0.96,1.08,1.36,1.73,1.99,2.13,2.21,2.18,2.04,1.75
10,11,1.41,1.08,0.87,0.92,1.12,1.45,1.73,1.89,2.05,2.12,2.07,1.88,1.59,1.32,1.10,1.12,1.33,1.68,2.04,2.21,2.30,2.31,2.20,1.97
10,12,1.61,1.25,0.93,0.79,0.89,1.12,1.44,1.66,1.81,1.96,2.00,1.93,1.72,1.49,1.29,1.20,1.34,1.63,1.99,2.26,2.36,2.40,2.34,2.16
10,13,1.85,1.46,1.11,0.83,0.78,0.91,1.15,1.42,1.58,1.74,1.86,1.87,1.78,1.59,1.43,1.32,1.37,1.60,1.91,2.23,2.39,2.43,2.42,2.29
10,14,2.07,1.71,1.33,1.01,0.80,0.82,0.96,1.19,1.38,1.52,1.68,1.75,1.75,1.65,1.51,1.43,1.42,1.58,1.84,2.13,2.36,2.43,2.44,2.37
10,15,2.20,1.94,1.57,1.24,0.96,0.84,0.88,1.01,1.20,1.33,1.46,1.60,1.64,1.63,1.56,1.50,1.49,1.56,1.78,2.02,2.26,2.39,2.41,2.39
10,16,2.28,2.09,1.81,1.48,1.19,0.96,0.90,0.94,1.05,1.18,1.28,1.41,1.51,1.55,1.56,1.53,1.54,1.59,1.72,1.92,2.13,2.29,2.35,2.35
10,17,2.31,2.18,1.99,1.72,1.44,1.18,1.01,0.96,0.98,1.06,1.14,1.24,1.35,1.44,1.50,1.54,1.57,1.62,1.69,1.83,1.99,2.14,2.24,2.27
10,18,2.27,2.21,2.09,1.91,1.68,1.43,1.21,1.07,1.00,1.00,1.04,1.11,1.21,1.32,1.42,1.50,1.58,1.64,1.70,1.77,1.88,1.99,2.09,2.14
10,19,2.18,2.18,2.14,2.03,1.88,1.67,1.45,1.25,1.10,1.01,0.99,1.01,1.09,1.20,1.33,1.46,1.57,1.66,1.72,1.77,1.80,1.85,1.91,1.97
10,20,2.04,2.09,2.11,2.09,2.01,1.87,1.68,1.46,1.26,1.10,1.00,0.97,1.00,1.11,1.25,1.41,1.56,1.68,1.76,1.79,1.78,1.76,1.75,1.78
10,21,1.84,1.94,2.03,2.08,2.08,2.00,1.87,1.68,1.46,1.25,1.07,0.98,0.97,1.04,1.20,1.38,1.56,1.70,1.80,1.84,1.81,1.73,1.64,1.59
10,22,1.63,1.72,1.86,1.99,2.08,2.08,2.01,1.88,1.67,1.44,1.21,1.04,0.97,1.01,1.16,1.37,1.58,1.76,1.87,1.92,1.88,1.76,1.61,1.45
10,23,1.40,1.46,1.61,1.82,1.98,2.08,2.09,2.02,1.87,1.64,1.39,1.16,1.01,1.02,1.14,1.37,1.63,1.83,1.97,2.02,2.00,1.86,1.64,1.41
10,24,1.22,1.19,1.31,1.53,1.79,1.97,2.08,2.10,2.02,1.84,1.59,1.33,1.12,1.04,1.14,1.37,1.67,1.92,2.08,2.16,2.14,2.02,1.78,1.46
10,25,1.17,0.98,1.00,1.18,1.48,1.76,1.94,2.06,2.08,1.99,1.79,1.52,1.28,1.12,1.15,1.36,1.67,2.01,2.21,2.31,2.33,2.22,2.00,1.64
10,26,1.25,0.92,0.76,0.85,1.09,1.43,1.71,1.88,2.02,2.04,1.93,1.71,1.45,1.26,1.19,1.35,1.65,2.02,2.32,2.44,2.49,2.44,2.25,1.92
10,27,1.47,1.05,0.71,0.60,0.75,1.03,1.38,1.62,1.81,1.96,1.96,1.85,1.61,1.41,1.29,1.33,1.60,1.95,2.34,2.56,2.61,2.61,2.48,2.23
10,28,1.82,1.32,0.88,0.56,0.53,0.69,1.00,1.31,1.52,1.73,1.86,1.86,1.74,1.53,1.41,1.37,1.53,1.86,2.23,2.56,2.68,2.70,2.66,2.48
10,29,2.18,1.71,1.22,0.79,0.52,0.52,0.68,0.98,1.23,1.42,1.64,1.75,1.75,1.64,1.50,1.45,1.49,1.73,2.06,2.41,2.66,2.71,2.71,2.64
10,30,2.44,2.11,1.64,1.18,0.77,0.55,0.56,0.70,0.95,1.15,1.34,1.54,1.64,1.66,1.58,1.52,1.53,1.62,1.88,2.18,2.47,2.63,2.65,2.65
10,31,2.56,2.38,2.05,1.62,1.20,0.82,0.63,0.62,0.74,0.93,1.09,1.29,1.46,1.57,1.62,1.59,1.59,1.62,1.74,1.96,2.20,2.42,2.51,2.53
11,01,2.53,2.46,2.31,2.02,1.64,1.25,0.91,0.73,0.68,0.77,0.92,1.07,1.25,1.42,1.55,1.63,1.65,1.68,1.70,1.80,1.95,2.12,2.27,2.34
11,02,2.38,2.39,2.36,2.25,2.00,1.69,1.33,1.01,0.82,0.75,0.81,0.93,1.09,1.27,1.44,1.61,1.70,1.75,1.76,1.75,1.79,1.86,1.96,2.07
11,03,2.14,2.21,2.25,2.27,2.20,2.00,1.72,1.39,1.09,0.89,0.81,0.87,1.00,1.17,1.36,1.55,1.72,1.82,1.84,1.81,1.74,1.70,1.70,1.76
11,04,1.86,1.95,2.05,2.13,2.18,2.14,1.98,1.74,1.43,1.15,0.94,0.88,0.96,1.12,1.32,1.53,1.72,1.87,1.94,1.92,1.81,1.67,1.55,1.49
11,05,1.54,1.65,1.79,1.92,2.02,2.09,2.08,1.95,1.73,1.44,1.17,0.99,0.97,1.11,1.32,1.56,1.76,1.92,2.03,2.04,1.95,1.75,1.53,1.35
11,06,1.27,1.34,1.48,1.65,1.80,1.92,2.02,2.01,1.90,1.68,1.42,1.18,1.05,1.11,1.31,1.58,1.83,2.00,2.13,2.17,2.09,1.91,1.64,1.36
11,07,1.13,1.07,1.17,1.35,1.56,1.71,1.84,1.95,1.94,1.83,1.62,1.39,1.19,1.14,1.30,1.57,1.88,2.10,2.22,2.29,2.25,2.09,1.81,1.47
11,08,1.15,0.93,0.92,1.05,1.27,1.49,1.63,1.79,1.88,1.87,1.75,1.55,1.36,1.23,1.30,1.53,1.85,2.16,2.32,2.39,2.39,2.26,2.03,1.66
11,09,1.29,0.96,0.78,0.82,0.98,1.23,1.43,1.59,1.76,1.82,1.80,1.66,1.49,1.36,1.32,1.50,1.78,2.13,2.37,2.46,2.49,2.41,2.22,1.89
11,10,1.49,1.11,0.80,0.70,0.78,0.98,1.22,1.39,1.58,1.72,1.77,1.72,1.57,1.46,1.39,1.47,1.72,2.03,2.35,2.50,2.54,2.51,2.36,2.11
11,11,1.72,1.31,0.96,0.71,0.68,0.79,1.01,1.22,1.39,1.58,1.69,1.71,1.64,1.52,1.47,1.47,1.65,1.92,2.23,2.48,2.54,2.55,2.46,2.26
11,12,1.96,1.55,1.17,0.85,0.69,0.71,0.84,1.06,1.23,1.40,1.57,1.64,1.65,1.57,1.51,1.51,1.59,1.83,2.10,2.37,2.52,2.53,2.50,2.36
11,13,2.13,1.79,1.40,1.06,0.80,0.72,0.77,0.91,1.10,1.25,1.42,1.55,1.59,1.59,1.54,1.53,1.58,1.73,1.97,2.21,2.42,2.49,2.48,2.41
11,14,2.23,1.99,1.64,1.30,1.00,0.81,0.77,0.83,0.98,1.13,1.27,1.43,1.51,1.56,1.56,1.55,1.59,1.66,1.84,2.05,2.26,2.39,2.41,2.39
11,15,2.28,2.10,1.85,1.53,1.23,0.98,0.85,0.84,0.91,1.04,1.16,1.30,1.42,1.50,1.56,1.58,1.61,1.65,1.75,1.91,2.08,2.23,2.30,2.31
11,16,2.27,2.16,1.98,1.74,1.46,1.20,1.00,0.90,0.90,0.97,1.08,1.20,1.33,1.44,1.53,1.59,1.64,1.68,1.72,1.80,1.91,2.04,2.14,2.18
11,17,2.19,2.14,2.05,1.88,1.66,1.42,1.19,1.03,0.95,0.95,1.03,1.12,1.25,1.38,1.50,1.60,1.68,1.72,1.74,1.75,1.79,1.85,1.94,2.00
11,18,2.05,2.07,2.03,1.96,1.81,1.62,1.40,1.20,1.06,0.99,1.01,1.08,1.19,1.34,1.48,1.62,1.72,1.78,1.80,1.77,1.73,1.70,1.72,1.78
11,19,1.84,1.92,1.95,1.95,1.89,1.76,1.59,1.39,1.21,1.08,1.03,1.07,1.16,1.32,1.49,1.65,1.79,1.86,1.89,1.84,1.74,1.63,1.54,1.54
11,20,1.59,1.68,1.79,1.85,1.88,1.84,1.74,1.58,1.39,1.23,1.11,1.08,1.16,1.31,1.52,1.71,1.87,1.97,2.00,1.96,1.83,1.64,1.45,1.32
11,21,1.31,1.39,1.53,1.68,1.78,1.83,1.81,1.73,1.58,1.39,1.24,1.14,1.17,1.32,1.53,1.78,1.97,2.10,2.16,2.12,1.99,1.75,1.47,1.21
11,22,1.06,1.07,1.19,1.40,1.58,1.71,1.79,1.80,1.73,1.57,1.39,1.25,1.20,1.31,1.53,1.82,2.09,2.25,2.33,2.32,2.20,1.96,1.61,1.25
11,23,0.94,0.79,0.85,1.02,1.28,1.48,1.64,1.77,1.79,1.72,1.56,1.39,1.29,1.30,1.50,1.80,2.13,2.39,2.49,2.52,2.44,2.23,1.89,1.45
11,24,1.02,0.68,0.57,0.66,0.89,1.18,1.40,1.59,1.74,1.77,1.69,1.53,1.39,1.34,1.43,1.72,2.07,2.42,2.62,2.67,2.66,2.51,2.23,1.79
11,25,1.28,0.82,0.48,0.41,0.54,0.81,1.10,1.32,1.56,1.71,1.73,1.65,1.49,1.40,1.40,1.58,1.92,2.30,2.64,2.76,2.79,2.74,2.53,2.19
11,26,1.69,1.15,0.68,0.36,0.33,0.48,0.77,1.05,1.28,1.53,1.66,1.68,1.60,1.47,1.43,1.48,1.73,2.09,2.46,2.74,2.81,2.82,2.74,2.51
11,27,2.13,1.60,1.07,0.60,0.34,0.33,0.49,0.78,1.02,1.27,1.50,1.61,1.64,1.55,1.48,1.47,1.56,1.84,2.18,2.52,2.73,2.77,2.78,2.67
11,28,2.45,2.06,1.54,1.04,0.60,0.39,0.39,0.56,0.82,1.04,1.28,1.48,1.59,1.61,1.54,1.51,1.51,1.63,1.90,2.19,2.48,2.62,2.66,2.66
11,29,2.56,2.36,1.97,1.50,1.04,0.65,0.49,0.49,0.67,0.89,1.09,1.32,1.48,1.59,1.62,1.57,1.56,1.56,1.68,1.89,2.14,2.35,2.44,2.49
11,30,2.49,2.42,2.23,1.88,1.48,1.07,0.75,0.61,0.63,0.80,0.99,1.18,1.37,1.53,1.65,1.67,1.65,1.62,1.60,1.69,1.83,2.01,2.16,2.22
12,01,2.27,2.28,2.24,2.09,1.80,1.47,1.11,0.86,0.75,0.78,0.94,1.11,1.29,1.47,1.62,1.74,1.76,1.74,1.68,1.62,1.65,1.71,1.83,1.93
12,02,1.99,2.04,2.07,2.06,1.95,1.73,1.46,1.17,0.97,0.88,0.94,1.09,1.26,1.44,1.61,1.76,1.86,1.87,1.82,1.71,1.60,1.55,1.55,1.62
12,03,1.69,1.75,1.81,1.86,1.89,1.82,1.66,1.45,1.22,1.07,1.01,1.10,1.26,1.45,1.63,1.79,1.92,1.99,1.97,1.86,1.69,1.53,1.40,1.36
12,04,1.39,1.46,1.53,1.61,1.68,1.75,1.72,1.61,1.45,1.27,1.16,1.14,1.26,1.46,1.67,1.85,1.98,2.09,2.11,2.03,1.86,1.62,1.39,1.21
12,05,1.15,1.18,1.26,1.36,1.45,1.56,1.65,1.65,1.58,1.45,1.31,1.23,1.27,1.44,1.67,1.90,2.07,2.17,2.23,2.19,2.04,1.79,1.50,1.22
12,06,1.01,0.95,1.00,1.11,1.23,1.35,1.49,1.59,1.61,1.55,1.44,1.35,1.31,1.41,1.63,1.90,2.13,2.26,2.33,2.33,2.21,1.99,1.67,1.33
12,07,1.02,0.82,0.80,0.87,1.02,1.16,1.31,1.48,1.57,1.59,1.52,1.43,1.37,1.39,1.56,1.83,2.11,2.32,2.40,2.43,2.36,2.18,1.89,1.51
12,08,1.14,0.83,0.68,0.69,0.81,0.99,1.15,1.33,1.49,1.57,1.57,1.49,1.43,1.40,1.49,1.72,2.01,2.30,2.45,2.49,2.48,2.34,2.10,1.73
12,09,1.33,0.96,0.68,0.60,0.64,0.81,1.00,1.18,1.38,1.51,1.57,1.54,1.46,1.43,1.45,1.61,1.88,2.18,2.43,2.52,2.53,2.45,2.26,1.96
12,10,1.55,1.16,0.80,0.60,0.57,0.66,0.86,1.05,1.25,1.43,1.52,1.56,1.49,1.44,1.44,1.52,1.74,2.02,2.31,2.49,2.54,2.52,2.38,2.15
12,11,1.79,1.38,1.00,0.69,0.57,0.59,0.73,0.95,1.13,1.33,1.47,1.53,1.53,1.46,1.44,1.46,1.61,1.86,2.14,2.40,2.50,2.51,2.44,2.26
12,12,2.00,1.61,1.22,0.88,0.64,0.59,0.65,0.84,1.04,1.22,1.39,1.48,1.52,1.49,1.45,1.46,1.51,1.70,1.95,2.22,2.41,2.46,2.45,2.33
12,13,2.13,1.83,1.45,1.10,0.80,0.65,0.65,0.76,0.96,1.14,1.30,1.43,1.49,1.52,1.48,1.47,1.48,1.58,1.78,2.02,2.25,2.37,2.39,2.34
12,14,2.19,1.98,1.66,1.31,1.00,0.77,0.70,0.74,0.90,1.08,1.23,1.37,1.46,1.52,1.53,1.51,1.51,1.52,1.64,1.82,2.04,2.21,2.28,2.27
12,15,2.19,2.04,1.81,1.51,1.21,0.95,0.79,0.77,0.86,1.03,1.18,1.32,1.44,1.52,1.57,1.57,1.56,1.55,1.56,1.67,1.82,1.99,2.10,2.14
12,16,2.13,2.04,1.89,1.66,1.39,1.14,0.94,0.85,0.87,0.99,1.15,1.29,1.43,1.53,1.61,1.65,1.64,1.62,1.58,1.58,1.64,1.75,1.88,1.95
12,17,1.98,1.95,1.88,1.74,1.54,1.32,1.11,0.97,0.93,0.98,1.13,1.28,1.43,1.55,1.65,1.73,1.75,1.72,1.65,1.57,1.53,1.54,1.62,1.70
12,18,1.76,1.80,1.78,1.74,1.62,1.47,1.29,1.13,1.04,1.03,1.12,1.28,1.44,1.60,1.72,1.82,1.87,1.86,1.79,1.65,1.52,1.41,1.37,1.42
12,19,1.48,1.56,1.61,1.63,1.62,1.55,1.44,1.30,1.18,1.12,1.14,1.27,1.45,1.63,1.81,1.92,2.00,2.02,1.96,1.82,1.61,1.39,1.22,1.14
12,20,1.17,1.24,1.35,1.43,1.50,1.54,1.51,1.44,1.33,1.24,1.21,1.26,1.43,1.65,1.87,2.05,2.15,2.20,2.16,2.03,1.81,1.51,1.21,0.98
12,21,0.88,0.91,1.02,1.16,1.29,1.40,1.49,1.51,1.46,1.37,1.30,1.29,1.38,1.60,1.86,2.12,2.30,2.37,2.38,2.29,2.09,1.77,1.38,1.01
12,22,0.72,0.62,0.67,0.82,1.01,1.18,1.35,1.49,1.52,1.49,1.40,1.34,1.36,1.49,1.77,2.07,2.36,2.52,2.57,2.54,2.39,2.12,1.71,1.23
12,23,0.80,0.49,0.40,0.47,0.67,0.91,1.12,1.35,1.49,1.54,1.51,1.41,1.37,1.40,1.59,1.91,2.25,2.55,2.68,2.71,2.66,2.46,2.13,1.64
12,24,1.11,0.63,0.31,0.24,0.35,0.61,0.88,1.12,1.37,1.51,1.55,1.50,1.40,1.37,1.42,1.66,2.00,2.37,2.66,2.77,2.80,2.72,2.48,2.11
12,25,1.56,1.01,0.51,0.21,0.18,0.33,0.63,0.90,1.16,1.40,1.52,1.55,1.47,1.38,1.35,1.42,1.70,2.06,2.44,2.69,2.78,2.81,2.70,2.46
12,26,2.04,1.48,0.93,0.44,0.20,0.20,0.40,0.72,0.98,1.24,1.45,1.54,1.55,1.44,1.37,1.33,1.43,1.72,2.07,2.43,2.63,2.71,2.73,2.62
12,27,2.38,1.93,1.39,0.87,0.43,0.27,0.32,0.56,0.86,1.10,1.34,1.50,1.58,1.55,1.43,1.36,1.31,1.45,1.71,2.04,2.35,2.49,2.56,2.57
12,28,2.47,2.23,1.79,1.31,0.83,0.50,0.41,0.50,0.77,1.03,1.24,1.44,1.57,1.63,1.56,1.46,1.38,1.33,1.46,1.69,1.97,2.19,2.29,2.35
12,29,2.35,2.26,2.02,1.63,1.24,0.84,0.62,0.59,0.73,0.99,1.20,1.40,1.55,1.65,1.69,1.61,1.52,1.41,1.36,1.47,1.63,1.85,1.98,2.04
12,30,2.09,2.08,2.01,1.80,1.50,1.19,0.90,0.78,0.80,0.98,1.20,1.38,1.54,1.67,1.76,1.77,1.69,1.58,1.45,1.40,1.44,1.54,1.67,1.74
12,31,1.77,1.81,1.81,1.76,1.61,1.40,1.18,1.00,0.95,1.02,1.20,1.39,1.55,1.69,1.79,1.87,1.86,1.77,1.64,1.48,1.39,1.36,1.39,1.45
